timestamp,x,y,z
2026-09-09 18:11:19,0.0018463134765625,0.0030517578125,-0.9947357177734375
2026-09-09 18:11:22,0.0621795654296875,-0.0757293701171875,-0.9872894287109375
2026-09-09 18:11:25,-0.1156005859375,0.322296142578125,-0.9986419677734375
2026-09-09 18:11:28,-0.344451904296875,-1.4280548095703125,-0.991058349609375
2026-09-09 18:11:31,0.4669952392578125,1.8265380859375,-1.0546417236328125
2026-09-09 18:11:34,0.1407470703125,0.8087005615234375,-0.993988037109375
2026-09-09 18:11:38,0.0032196044921875,0.003570556640625,-0.993255615234375
2026-09-09 18:11:41,-0.0030059814453125,0.004852294921875,-0.9976654052734375
2026-09-09 18:11:44,-4.57763671875e-05,-0.01031494140625,-0.99359130859375
2026-09-09 18:11:47,0.003875732421875,0.003265380859375,-0.995635986328125
2026-09-09 18:11:50,0.0093994140625,0.0026397705078125,-0.997039794921875
2026-09-09 18:11:53,-0.0050201416015625,-0.0196533203125,-1.0017242431640625
2026-09-09 18:11:56,0.006744384765625,-0.0034637451171875,-0.9994354248046875
2026-09-09 18:11:59,0.0201263427734375,0.0145721435546875,-0.99322509765625
2026-09-09 18:12:02,0.0048370361328125,0.004974365234375,-0.9986114501953125
2026-09-09 18:12:05,0.0070953369140625,0.0042724609375,-0.99560546875
2026-09-09 18:12:08,0.005279541015625,0.0014801025390625,-0.9952239990234375
2026-09-09 18:12:12,0.007568359375,0.003173828125,-0.994903564453125
2026-09-09 18:12:15,0.0101470947265625,0.0076446533203125,-0.9954833984375
2026-09-09 18:12:18,0.0085906982421875,0.0017852783203125,-0.9948883056640625
2026-09-09 18:12:21,0.00775146484375,0.0098724365234375,-0.99542236328125
2026-09-09 18:12:24,0.004302978515625,0.0032806396484375,-0.9963531494140625
2026-09-09 18:12:27,0.006439208984375,0.002044677734375,-0.9930267333984375
2026-09-09 18:12:30,0.000518798828125,0.001434326171875,-0.9933624267578125
2026-09-09 18:12:33,0.012908935546875,0.0083770751953125,-1.0001983642578125
2026-09-09 18:12:36,0.0081024169921875,0.007537841796875,-0.9938812255859375
2026-09-09 18:12:40,0.037078857421875,0.015106201171875,-0.99859619140625
2026-09-09 18:12:43,0.0126190185546875,0.0122833251953125,-1.0028533935546875
2026-09-09 18:12:47,0.0090789794921875,0.0104217529296875,-0.99420166015625
2026-09-09 18:12:50,0.0098876953125,0.00689697265625,-0.9997100830078125
2026-09-09 18:12:53,0.0156707763671875,-0.004364013671875,-0.99517822265625
2026-09-09 18:12:56,0.0050811767578125,0.0054779052734375,-0.99798583984375
2026-09-09 18:12:59,0.004150390625,0.0040435791015625,-0.9988861083984375
2026-09-09 18:13:02,0.0012054443359375,0.0009918212890625,-0.9921112060546875
2026-09-09 18:13:05,0.0074005126953125,0.0049896240234375,-0.99542236328125
2026-09-09 18:13:08,0.0052947998046875,0.0052490234375,-0.9951934814453125
2026-09-09 18:13:11,0.0051422119140625,0.0040283203125,-0.9949951171875
2026-09-09 18:13:14,0.004180908203125,0.0037841796875,-0.9952239990234375
2026-09-09 18:13:17,0.00335693359375,0.0040283203125,-0.9952850341796875
2026-09-09 18:13:21,0.0045318603515625,0.001434326171875,-0.99609375
2026-09-09 18:13:24,0.008331298828125,0.0063323974609375,-0.9952239990234375
2026-09-09 18:13:27,0.000579833984375,0.010101318359375,-0.9963531494140625
2026-09-09 18:13:30,0.0094451904296875,0.0048675537109375,-0.99603271484375
2026-09-09 18:13:33,0.003265380859375,-0.0029754638671875,-0.9922943115234375
2026-09-09 18:13:36,0.0037384033203125,-0.000701904296875,-0.9944305419921875
2026-09-09 18:13:39,0.004974365234375,0.0018768310546875,-0.9932861328125
2026-09-09 18:13:42,0.003997802734375,0.0021514892578125,-0.99432373046875
2026-09-09 18:13:45,0.0043487548828125,0.0032501220703125,-0.994659423828125
2026-09-09 18:13:48,0.0005950927734375,0.0060577392578125,-0.995880126953125
2026-09-09 18:13:51,0.0058441162109375,0.0068817138671875,-0.9962921142578125
2026-09-09 18:13:55,0.003082275390625,0.0061798095703125,-0.9950714111328125
2026-09-09 18:13:58,-0.00054931640625,0.005889892578125,-0.9961700439453125
2026-09-09 18:14:01,0.0098419189453125,0.010711669921875,-0.994964599609375
2026-09-09 18:14:04,0.00982666015625,-0.008331298828125,-0.9951324462890625
2026-09-09 18:14:07,0.0051116943359375,-0.0004425048828125,-0.9988861083984375
2026-09-09 18:14:11,0.004913330078125,0.0016326904296875,-0.9927520751953125
2026-09-09 18:14:14,0.0112762451171875,0.0067138671875,-0.9959564208984375
2026-09-09 18:14:19,-0.5200347900390625,0.59820556640625,-1.1191253662109375
2026-09-09 18:14:22,-0.3466949462890625,0.3105010986328125,0.070098876953125
2026-09-09 18:14:25,-0.048187255859375,0.1354522705078125,-0.0163726806640625
2026-09-09 18:14:29,0.23486328125,7.5295867919921875,1.9585723876953125
2026-09-09 18:14:32,-0.3330230712890625,0.0125579833984375,-1.34625244140625
2026-09-09 18:14:35,-0.12933349609375,-0.6686553955078125,-0.902862548828125
2026-09-09 18:14:38,-0.0874786376953125,0.1124725341796875,-0.0870819091796875
2026-09-09 18:14:41,-0.022308349609375,0.1907958984375,-0.00299072265625
2026-09-09 18:14:44,-0.61468505859375,-0.3164215087890625,-0.6318511962890625
2026-09-09 18:14:47,0.0485076904296875,-0.4141845703125,-1.1947021484375
2026-09-09 18:14:50,-0.3035125732421875,-0.8264923095703125,0.66497802734375
2026-09-09 18:14:53,0.08770751953125,-1.0183258056640625,0.01007080078125
2026-09-09 18:14:57,2.16912841796875,0.005889892578125,0.5894317626953125
2026-09-09 18:15:00,4.36505126953125,4.0421905517578125,-2.206939697265625
2026-09-09 18:15:03,-1.614593505859375,-0.45819091796875,0.30242919921875
2026-09-09 18:15:06,-0.9410400390625,-1.9130859375,-0.155364990234375
2026-09-09 18:15:09,-0.1171417236328125,-0.765899658203125,-0.394012451171875
2026-09-09 18:15:12,0.1550140380859375,-0.796417236328125,-0.45770263671875
2026-09-09 18:15:15,0.1454010009765625,-0.8168792724609375,-0.5178985595703125
2026-09-09 18:15:18,0.08074951171875,-0.8279876708984375,-0.57611083984375
2026-09-09 18:15:21,0.100128173828125,-0.8029632568359375,-0.527923583984375
2026-09-09 18:15:24,0.15093994140625,-0.8955841064453125,-0.578338623046875
2026-09-09 18:15:27,0.0902252197265625,-0.815765380859375,-0.5302276611328125
2026-09-09 18:15:31,0.0697479248046875,-0.8383636474609375,-0.54022216796875
2026-09-09 18:15:34,0.04583740234375,-0.8250579833984375,-0.6120758056640625
2026-09-09 18:15:37,0.05487060546875,-0.83380126953125,-0.6069488525390625
2026-09-09 18:15:40,0.123260498046875,-0.815765380859375,-0.525146484375
2026-09-09 18:15:44,0.0598907470703125,-0.8410797119140625,-0.5316925048828125
2026-09-09 18:15:47,0.0672760009765625,-0.82757568359375,-0.5248870849609375
2026-09-09 18:15:50,-1.153533935546875,1.7098541259765625,-1.268157958984375
2026-09-09 18:15:53,0.029144287109375,1.7877044677734375,-1.6464691162109375
2026-09-09 18:15:56,-1.072265625,-2.16961669921875,-1.5746612548828125
2026-09-09 18:15:59,-2.3084716796875,-1.5173492431640625,-1.8768463134765625
2026-09-09 18:16:02,-2.3732452392578125,-0.2145233154296875,-5.70428466796875
2026-09-09 18:16:06,-4.0487823486328125,-2.1687469482421875,-3.5018463134765625
2026-09-09 18:16:09,-4.9625396728515625,-2.036468505859375,-5.885223388671875
2026-09-09 18:16:12,1.903594970703125,7.0708465576171875,5.30487060546875
2026-09-09 18:16:15,-0.291748046875,-1.20660400390625,-1.3743133544921875
2026-09-09 18:16:18,1.8724517822265625,2.1558685302734375,-4.1796112060546875
2026-09-09 18:16:21,0.807342529296875,-0.4273529052734375,-0.8189697265625
2026-09-09 18:16:24,-0.8271484375,-0.0989990234375,-0.41534423828125
2026-09-09 18:16:27,-2.024810791015625,0.81494140625,-1.17779541015625
2026-09-09 18:16:30,-3.5156402587890625,-4.0753631591796875,-1.084014892578125
2026-09-09 18:16:33,-3.29083251953125,-4.0457916259765625,0.5190582275390625
2026-09-09 18:16:36,-1.395172119140625,1.01068115234375,1.1264190673828125
2026-09-09 18:16:40,2.3193359375,1.7258148193359375,-0.0171661376953125
2026-09-09 18:16:43,-0.24017333984375,-0.2693634033203125,-0.4203338623046875
2026-09-09 18:16:46,-0.0973358154296875,-0.624725341796875,-0.6724853515625
2026-09-09 18:16:49,0.07293701171875,-0.517730712890625,-0.7301177978515625
2026-09-09 18:16:52,0.0375518798828125,-0.3089752197265625,-1.0564422607421875
2026-09-09 18:16:55,0.2315673828125,0.0147705078125,-0.9669189453125
2026-09-09 18:16:58,0.0003509521484375,-0.0295867919921875,-0.995208740234375
2026-09-09 18:17:01,0.00018310546875,-0.029449462890625,-0.9945831298828125
2026-09-09 18:17:04,-0.00128173828125,-0.02996826171875,-0.99700927734375
2026-09-09 18:17:07,0.000640869140625,-0.03094482421875,-0.993560791015625
2026-09-09 18:17:10,0.0027313232421875,-0.029815673828125,-0.99493408203125
2026-09-09 18:17:14,0.002044677734375,-0.0296630859375,-0.9962310791015625
2026-09-09 18:17:17,0.0009307861328125,-0.02703857421875,-0.99371337890625
2026-09-09 18:17:20,-0.001556396484375,-0.0272674560546875,-0.99432373046875
2026-09-09 18:17:23,-0.000457763671875,-0.03118896484375,-0.9959564208984375
2026-09-09 18:17:26,0.00262451171875,-0.0287322998046875,-0.9940185546875
2026-09-09 18:17:30,0.001708984375,-0.02740478515625,-0.9944000244140625
2026-09-09 18:17:33,0.003814697265625,-0.0276031494140625,-0.99395751953125
2026-09-09 18:17:36,0.00091552734375,-0.0319976806640625,-0.9961090087890625
2026-09-09 18:17:39,0.0009613037109375,-0.028167724609375,-0.9944610595703125
2026-09-09 18:17:42,0.001190185546875,-0.0273284912109375,-0.9971923828125
2026-09-09 18:17:45,0.0034942626953125,-0.0287017822265625,-0.99639892578125
2026-09-09 18:17:49,0.004638671875,-0.02203369140625,-0.9962310791015625
2026-09-09 18:17:52,0.0030059814453125,-0.0305328369140625,-0.9952850341796875
2026-09-09 18:17:55,0.003326416015625,-0.029052734375,-0.995697021484375
2026-09-09 18:17:58,0.0056610107421875,-0.02947998046875,-0.9941864013671875
2026-09-09 18:18:01,-0.0010223388671875,-0.026611328125,-0.9931793212890625
2026-09-09 18:18:04,-0.0003662109375,-0.027099609375,-0.99566650390625
2026-09-09 18:18:07,-0.001312255859375,-0.035491943359375,-0.994232177734375
2026-09-09 18:18:10,0.0006561279296875,-0.0269622802734375,-0.993927001953125
2026-09-09 18:18:13,0.0047149658203125,-0.028350830078125,-0.9957733154296875
2026-09-09 18:18:16,0.0028533935546875,-0.02972412109375,-0.99530029296875
2026-09-09 18:18:19,-0.0004425048828125,-0.02728271484375,-0.992584228515625
2026-09-09 18:18:23,0.000274658203125,-0.02880859375,-0.996246337890625
2026-09-09 18:18:27,-0.6448822021484375,-0.27276611328125,-0.9818878173828125
2026-09-09 18:18:30,-0.3886871337890625,-0.1204681396484375,-0.2442474365234375
2026-09-09 18:18:33,0.63226318359375,1.0681610107421875,-0.71173095703125
2026-09-09 18:18:36,1.918670654296875,-0.0176239013671875,-0.075408935546875
2026-09-09 18:18:39,-0.7444610595703125,-0.5842437744140625,-0.233917236328125
2026-09-09 18:18:42,0.2598724365234375,-0.498260498046875,-0.3220062255859375
2026-09-09 18:18:45,-0.7257232666015625,-0.2218475341796875,-0.7468414306640625
2026-09-09 18:18:48,-0.597808837890625,-0.3272705078125,-0.7169647216796875
2026-09-09 18:18:51,-0.262451171875,0.637298583984375,-1.283050537109375
2026-09-09 18:18:54,-0.3167572021484375,-0.4309539794921875,-0.958709716796875
2026-09-09 18:18:57,0.59906005859375,-0.553619384765625,-0.6139373779296875
2026-09-09 18:19:01,0.57073974609375,-0.512237548828125,-0.6627044677734375
2026-09-09 18:19:05,0.5132293701171875,-0.6313018798828125,-0.5806732177734375
2026-09-09 18:19:08,0.4019622802734375,-0.6744842529296875,-0.5284271240234375
2026-09-09 18:19:11,0.453155517578125,-0.7656402587890625,-0.45782470703125
2026-09-09 18:19:14,0.480987548828125,-0.7360382080078125,-0.3418121337890625
2026-09-09 18:19:17,-3.20843505859375,1.178070068359375,-1.9848480224609375
2026-09-09 18:19:20,-0.360076904296875,-0.595977783203125,-0.9378662109375
2026-09-09 18:19:23,-0.02764892578125,-0.9898834228515625,-0.17291259765625
2026-09-09 18:19:27,-0.3824310302734375,-1.74395751953125,-0.6893768310546875
2026-09-09 18:19:30,-0.2909393310546875,-1.44903564453125,-0.69012451171875
2026-09-09 18:19:33,-1.7535400390625,0.5672454833984375,0.886749267578125
2026-09-09 18:19:36,-0.5286407470703125,-0.3158111572265625,0.3225860595703125
2026-09-09 18:19:40,-0.472869873046875,-0.3256072998046875,0.2013092041015625
2026-09-09 18:19:43,-1.0401153564453125,-0.4874725341796875,0.3040618896484375
2026-09-09 18:19:46,-0.666168212890625,-3.5006103515625,-2.0305328369140625
2026-09-09 18:19:49,1.6882171630859375,-0.8952789306640625,-0.9364013671875
2026-09-09 18:19:52,1.848846435546875,-0.2724761962890625,-1.612213134765625
2026-09-09 18:19:55,0.1637725830078125,-1.3913116455078125,-0.5735321044921875
2026-09-09 18:19:59,-1.0010986328125,-0.296630859375,0.0149993896484375
2026-09-09 18:20:02,-0.971405029296875,0.6693572998046875,0.1350250244140625
2026-09-09 18:20:05,-1.0972137451171875,-0.0029144287109375,0.0885467529296875
2026-09-09 18:20:08,-0.492919921875,0.40478515625,0.5166015625
2026-09-09 18:20:11,-0.951019287109375,0.8180389404296875,0.24053955078125
2026-09-09 18:20:14,-0.327667236328125,0.4286041259765625,0.3582611083984375
2026-09-09 18:20:17,-1.27362060546875,-0.516448974609375,-0.9176788330078125
2026-09-09 18:20:20,-0.589263916015625,1.985687255859375,-1.849029541015625
2026-09-09 18:20:23,0.1402130126953125,-0.6463623046875,-0.954498291015625
2026-09-09 18:20:26,-0.4368896484375,-0.4134368896484375,-1.2194366455078125
2026-09-09 18:20:29,-0.504974365234375,-1.1610260009765625,-0.5464019775390625
2026-09-09 18:20:33,1.32196044921875,0.4994354248046875,-1.1227874755859375
2026-09-09 18:20:36,-2.67059326171875,-2.131622314453125,1.7704620361328125
2026-09-09 18:20:40,-1.3470306396484375,-0.0206756591796875,-1.925079345703125
2026-09-09 18:20:43,-1.046142578125,-0.4692535400390625,-0.639312744140625
2026-09-09 18:20:46,-1.0890045166015625,-0.43304443359375,0.7733917236328125
2026-09-09 18:20:49,-1.49456787109375,0.9580078125,-0.0629730224609375
2026-09-09 18:20:53,-1.0236968994140625,0.900299072265625,-0.0268096923828125
2026-09-11 18:26:47,0.0045928955078125,0.0099945068359375,-0.9976654052734375
2026-09-11 18:26:50,2.180389404296875,-0.1257781982421875,-0.6760101318359375
2026-09-11 18:26:53,0.2414703369140625,0.039398193359375,-1.0595855712890625
2026-09-11 18:26:56,-0.0022125244140625,-0.018218994140625,-1.0063629150390625
2026-09-11 18:26:59,-0.0003509521484375,-0.0186309814453125,-0.99725341796875
2026-09-11 18:27:02,-0.0005340576171875,-0.0178985595703125,-0.99261474609375
2026-09-11 18:27:06,-0.0008697509765625,-0.0186920166015625,-0.9952545166015625
2026-09-11 18:27:09,0.0006866455078125,-0.0196990966796875,-0.995147705078125
2026-09-11 18:27:12,0.0006256103515625,-0.0202484130859375,-0.9954376220703125
2026-09-11 18:27:15,-0.000640869140625,-0.01995849609375,-0.99603271484375
2026-09-11 18:27:18,-0.00030517578125,-0.02093505859375,-0.996337890625
2026-09-11 18:27:21,-0.000274658203125,-0.019805908203125,-0.996185302734375
2026-09-11 18:27:24,0.0015869140625,-0.01971435546875,-0.9937896728515625
2026-09-11 18:27:27,0.000457763671875,-0.0181427001953125,-0.995147705078125
2026-09-11 18:27:30,-0.0008392333984375,-0.0188140869140625,-0.99560546875
2026-09-11 18:27:35,-0.0015716552734375,-0.01922607421875,-0.9924468994140625
2026-09-11 18:27:39,-0.000274658203125,-0.0188751220703125,-0.997222900390625
2026-09-11 18:27:42,0.0004119873046875,-0.018310546875,-0.9940643310546875
2026-09-11 18:27:45,-0.2510528564453125,0.1643829345703125,-1.278900146484375
2026-09-11 18:27:48,-2.14788818359375,-0.1964111328125,-0.071685791015625
2026-09-11 18:27:51,-3.0255889892578125,-0.112640380859375,-0.4071807861328125
2026-09-11 18:27:54,0.0518798828125,-0.3377685546875,-0.8432464599609375
2026-09-11 18:27:57,0.2000274658203125,-0.1350250244140625,-0.9172515869140625
2026-09-11 18:28:00,-0.013397216796875,-0.1244354248046875,-0.9453277587890625
2026-09-11 18:28:03,-0.013031005859375,-0.10186767578125,-1.0078582763671875
2026-09-11 18:28:06,-0.0152740478515625,-0.1124267578125,-0.9946136474609375
2026-09-11 18:28:09,-0.01531982421875,-0.114776611328125,-0.9896087646484375
2026-09-11 18:28:13,-0.0170440673828125,-0.112640380859375,-0.9791107177734375
2026-09-11 18:28:17,-0.016448974609375,-0.1123809814453125,-0.9889373779296875
2026-09-11 18:28:20,-0.014495849609375,-0.1128692626953125,-0.9890899658203125
2026-09-11 18:28:23,-0.0152587890625,-0.1126861572265625,-0.989227294921875
2026-09-11 18:28:26,-0.01776123046875,-0.1137847900390625,-0.9930877685546875
2026-09-11 18:28:29,2.8798980712890625,-0.8571929931640625,-0.82525634765625
2026-09-11 18:28:32,0.050872802734375,-0.5701446533203125,-0.0361175537109375
2026-09-11 18:28:35,0.26312255859375,-0.7091827392578125,-0.685302734375
2026-09-11 18:28:38,-2.8907470703125,-0.9665679931640625,-1.1628875732421875
2026-09-11 18:28:41,-0.0378570556640625,-0.310516357421875,-0.913909912109375
2026-09-11 18:28:44,-0.8925628662109375,-0.5081024169921875,-0.2773895263671875
2026-09-11 18:28:48,0.0316314697265625,-0.6225738525390625,-0.7606353759765625
2026-09-11 18:28:52,-0.231414794921875,-0.7347869873046875,-0.1653900146484375
2026-09-11 18:28:55,-0.75616455078125,0.237152099609375,-0.0251922607421875
2026-09-11 18:28:58,-0.990509033203125,-0.152984619140625,0.0956268310546875
2026-09-11 18:29:01,-0.96539306640625,0.0706024169921875,-0.7144622802734375
2026-09-11 18:29:04,-0.14361572265625,-0.668975830078125,-1.18084716796875
2026-09-11 18:29:07,-1.658294677734375,-0.2133026123046875,0.1298980712890625
2026-09-11 18:29:10,1.274627685546875,2.1598052978515625,-1.9990386962890625
2026-09-11 18:29:13,-0.13409423828125,1.814422607421875,-0.603912353515625
2026-09-11 18:29:16,0.71954345703125,0.4503631591796875,-1.0955352783203125
2026-09-11 18:29:19,-2.0742034912109375,0.682373046875,-0.328765869140625
2026-09-11 18:29:23,-2.257110595703125,5.0603485107421875,-0.297119140625
2026-09-11 18:29:26,-0.0272064208984375,0.51348876953125,0.83740234375
2026-09-11 18:29:30,-0.034637451171875,0.0903167724609375,0.0017852783203125
2026-09-11 18:29:33,-0.195648193359375,-0.8901519775390625,-0.357391357421875
2026-09-11 18:29:36,-0.2164764404296875,-1.1305694580078125,-0.258209228515625
2026-09-11 18:29:39,0.0456390380859375,-0.552886962890625,-0.1976165771484375
2026-09-11 18:29:42,0.607330322265625,0.9209747314453125,-0.19287109375
2026-09-11 18:29:45,0.7119903564453125,1.0412139892578125,-0.2638397216796875
2026-09-11 18:29:48,0.4390716552734375,1.7744903564453125,0.1617584228515625
2026-09-11 18:29:51,0.6105804443359375,0.308074951171875,0.6030120849609375
2026-09-11 18:29:54,0.3599700927734375,-0.7460479736328125,-0.460693359375
2026-09-11 18:29:57,0.1909027099609375,-0.6956024169921875,-0.6962738037109375
2026-09-11 18:30:01,0.176483154296875,-0.657073974609375,-0.704986572265625
2026-09-11 18:30:04,0.1260223388671875,-0.6153106689453125,-0.7616424560546875
2026-09-11 18:30:09,0.0105743408203125,-0.020477294921875,-0.9945220947265625
2026-09-11 18:30:39,0.004150390625,-0.0205841064453125,-0.990234375
2026-09-11 18:30:42,0.0061798095703125,-0.021270751953125,-0.9927978515625
2026-09-11 18:30:45,0.006317138671875,-0.020538330078125,-0.9931793212890625
2026-09-11 18:30:48,0.0048980712890625,-0.0213165283203125,-0.99432373046875
2026-09-11 18:30:51,0.0062713623046875,-0.0204315185546875,-0.9962158203125
2026-09-11 18:30:55,0.0053253173828125,-0.0214080810546875,-0.9948577880859375
2026-09-11 18:30:58,0.002838134765625,-0.01947021484375,-0.99517822265625
2026-09-11 18:31:01,0.00347900390625,-0.0211029052734375,-0.9936370849609375
2026-09-11 18:31:05,0.0042724609375,-0.0220947265625,-0.99261474609375
2026-09-11 18:31:08,0.002349853515625,-0.0190277099609375,-0.9925994873046875
2026-09-11 18:31:11,0.004241943359375,-0.0221710205078125,-0.996246337890625
2026-09-11 18:31:14,0.0063934326171875,-0.0228729248046875,-0.99468994140625
2026-09-11 18:31:17,0.005126953125,-0.0216064453125,-0.996307373046875
2026-09-11 18:31:20,0.0044097900390625,-0.0197906494140625,-0.9971466064453125
2026-09-11 18:31:23,0.0053863525390625,-0.02264404296875,-0.993896484375
2026-09-11 18:31:26,0.00732421875,-0.0222015380859375,-0.994781494140625
2026-09-11 18:31:29,-0.04498291015625,-0.0023040771484375,-0.995361328125
2026-09-11 18:31:32,-0.1704864501953125,0.0249786376953125,-1.1906280517578125
2026-09-11 18:31:35,0.008453369140625,-0.0115509033203125,-1.005859375
2026-09-11 18:31:39,0.0028533935546875,-0.0113525390625,-0.9905548095703125
2026-09-11 18:31:43,0.0074462890625,-0.00946044921875,-0.998077392578125
2026-09-11 18:31:46,0.004180908203125,-0.009063720703125,-0.996978759765625
2026-09-11 18:31:49,0.00555419921875,-0.01019287109375,-0.9947357177734375
2026-09-11 18:31:52,0.0051727294921875,-0.008392333984375,-0.9937286376953125
2026-09-11 18:31:55,0.004119873046875,-0.0080413818359375,-0.993865966796875
2026-09-11 18:31:58,0.0049591064453125,-0.0083465576171875,-0.9952392578125
2026-09-11 18:32:01,0.005615234375,-0.0093536376953125,-0.9949951171875
2026-09-11 18:32:04,0.003997802734375,-0.0093231201171875,-0.99542236328125
2026-09-11 18:32:07,0.0045013427734375,-0.0090789794921875,-0.99554443359375
2026-09-11 18:32:11,0.0053863525390625,-0.0100860595703125,-0.9962005615234375
2026-09-11 18:32:14,0.00555419921875,-0.009674072265625,-0.9946136474609375
2026-09-11 18:32:17,0.0048675537109375,-0.008575439453125,-0.993560791015625
2026-09-11 18:32:20,0.0043487548828125,-0.0088043212890625,-0.99462890625
2026-09-11 18:32:23,0.003936767578125,-0.0100860595703125,-0.9945220947265625
2026-09-11 18:32:26,0.005401611328125,-0.00787353515625,-0.9959869384765625
2026-09-11 18:32:29,0.005706787109375,-0.0098419189453125,-0.9948883056640625
2026-09-11 18:32:32,0.0053558349609375,-0.009429931640625,-0.99383544921875
2026-09-11 18:32:36,0.0042266845703125,-0.0105438232421875,-0.9959259033203125
2026-09-11 18:32:39,0.005889892578125,-0.0087890625,-0.99359130859375
2026-09-11 18:32:42,0.0050201416015625,-0.00872802734375,-0.99383544921875
2026-09-11 18:32:46,-0.00042724609375,-0.0108642578125,-0.9962615966796875
2026-09-11 18:32:49,0.0117340087890625,-0.006805419921875,-0.994720458984375
2026-09-11 18:32:52,0.00762939453125,-0.0090179443359375,-0.9881134033203125
2026-09-11 18:32:55,0.0101165771484375,-0.0097198486328125,-1.00201416015625
2026-09-11 18:32:58,0.0064849853515625,-0.010040283203125,-0.9918975830078125
2026-09-11 18:33:01,0.009124755859375,-0.0117340087890625,-0.992523193359375
2026-09-11 18:33:04,0.009765625,-0.0098114013671875,-0.9953460693359375
2026-09-11 18:33:07,0.0078582763671875,-0.009674072265625,-0.99884033203125
2026-09-11 18:33:10,0.00616455078125,-0.009490966796875,-0.9955291748046875
2026-09-11 18:33:13,0.0061798095703125,-0.01031494140625,-0.9949951171875
2026-09-11 18:33:16,0.0082244873046875,-0.011077880859375,-0.9915008544921875
2026-09-11 18:33:20,0.0066680908203125,-0.00927734375,-0.9931488037109375
2026-09-11 18:33:23,0.0067596435546875,-0.009765625,-0.9937896728515625
2026-09-11 18:33:26,0.007354736328125,-0.008575439453125,-0.9945220947265625
2026-09-11 18:33:29,0.00555419921875,-0.0083770751953125,-0.9954376220703125
2026-09-11 18:33:32,0.00738525390625,-0.0095062255859375,-0.994171142578125
2026-09-11 18:33:35,-0.0020904541015625,-0.0060882568359375,-0.9941253662109375
2026-09-11 18:33:38,-0.0070343017578125,-0.0039215087890625,-0.9958038330078125
2026-09-11 18:33:41,-0.0106048583984375,-0.004180908203125,-0.9934539794921875
2026-09-11 18:33:44,-0.0083465576171875,-0.0034942626953125,-0.9957122802734375
2026-09-11 18:33:47,-0.00811767578125,-0.00421142578125,-0.9951324462890625
2026-09-11 18:33:51,0.0051422119140625,-0.0093536376953125,-0.9970855712890625
2026-09-11 18:33:55,-0.4455108642578125,-0.5336151123046875,-0.9932403564453125
2026-09-11 18:33:58,0.02276611328125,-0.029937744140625,-0.9986572265625
2026-09-11 18:34:01,0.0042572021484375,-0.017974853515625,-1.00146484375
2026-09-11 18:34:04,-0.05633544921875,-0.019683837890625,-0.9945068359375
2026-09-11 18:34:07,0.2111358642578125,-0.0222930908203125,-0.9710540771484375
2026-09-11 18:34:10,0.008056640625,-0.011016845703125,-0.993927001953125
2026-09-11 18:34:13,0.008819580078125,-0.011566162109375,-1.0000762939453125
2026-09-11 18:34:16,0.008453369140625,-0.0119476318359375,-0.9945831298828125
2026-09-11 18:34:19,0.0193023681640625,-0.6375885009765625,-1.0056915283203125
2026-09-11 18:34:22,0.1529083251953125,-0.7538604736328125,-0.8209991455078125
2026-09-11 18:34:25,0.08453369140625,-0.7853546142578125,-0.6068572998046875
2026-09-11 18:34:29,-0.023284912109375,-0.8793487548828125,-0.5208282470703125
2026-09-11 18:34:32,0.0105133056640625,-0.8044891357421875,-0.57830810546875
2026-09-11 18:34:35,-0.051788330078125,-0.828399658203125,-0.5646209716796875
2026-09-11 18:34:38,-0.1220855712890625,-0.8506622314453125,-0.547454833984375
2026-09-11 18:34:41,0.291168212890625,-0.27764892578125,-0.4644775390625
2026-09-11 18:34:44,0.564300537109375,0.1443634033203125,-0.8137969970703125
2026-09-11 18:34:47,0.002777099609375,-0.696868896484375,0.239166259765625
2026-09-11 18:34:50,0.0007476806640625,-0.811309814453125,-0.5734710693359375
2026-09-11 18:34:54,-0.2247314453125,-0.3819732666015625,-0.5768585205078125
2026-09-11 18:35:24,0.474456787109375,-0.0038909912109375,-1.149810791015625
2026-09-11 18:35:29,-0.1475830078125,0.96826171875,-0.932281494140625
2026-09-12 22:20:52,0.007843017578125,-0.976226806640625,-0.218414306640625
2026-09-12 22:20:55,0.008697509765625,-0.97601318359375,-0.2194366455078125
2026-09-12 22:20:59,0.0086669921875,-0.9756927490234375,-0.2193145751953125
2026-09-12 22:21:02,0.0153656005859375,-0.9709320068359375,-0.262115478515625
2026-09-12 22:21:05,0.0101470947265625,-0.9720611572265625,-0.2266998291015625
2026-09-12 22:21:08,0.0100250244140625,-0.97479248046875,-0.218292236328125
2026-09-12 22:21:50,0.0073394775390625,-0.975311279296875,-0.2193603515625
2026-09-12 22:21:53,0.0076141357421875,-0.9765472412109375,-0.2176513671875
2026-09-12 22:21:56,0.00946044921875,-0.97442626953125,-0.2205657958984375
2026-09-12 22:21:59,0.00653076171875,-0.9742431640625,-0.2196197509765625
2026-09-12 22:22:22,0.009002685546875,-0.9750213623046875,-0.2193145751953125
2026-09-12 22:22:27,0.0052337646484375,-0.976043701171875,-0.2176055908203125
2026-09-12 22:22:30,0.00482177734375,-0.975494384765625,-0.217498779296875
2026-09-12 22:22:33,0.0088043212890625,-0.9741058349609375,-0.2182464599609375
2026-09-12 22:22:36,0.0094757080078125,-0.97564697265625,-0.2214813232421875
2026-09-12 22:22:40,0.008514404296875,-0.974853515625,-0.2191314697265625
2026-09-12 22:22:43,0.0063629150390625,-0.9740753173828125,-0.21868896484375
2026-09-12 22:22:46,0.0099334716796875,-0.9757843017578125,-0.218414306640625
2026-09-12 22:22:49,0.008148193359375,-0.974945068359375,-0.220306396484375
2026-09-12 22:22:52,0.0080108642578125,-0.975189208984375,-0.2193756103515625
2026-09-12 22:22:55,0.010284423828125,-0.9754638671875,-0.21978759765625
2026-09-12 22:22:58,0.0074920654296875,-0.9760894775390625,-0.2186279296875
2026-09-12 22:23:02,0.00762939453125,-0.9761810302734375,-0.2181396484375
2026-09-12 22:23:05,0.00811767578125,-0.9747314453125,-0.22015380859375
2026-09-12 22:23:08,0.007659912109375,-0.9744720458984375,-0.220428466796875
2026-09-12 22:23:11,0.00714111328125,-0.9754791259765625,-0.21771240234375
2026-09-12 22:23:14,0.006317138671875,-0.97625732421875,-0.22100830078125
2026-09-12 22:23:17,0.007720947265625,-0.976898193359375,-0.2212677001953125
2026-09-12 22:23:21,-0.44073486328125,-0.32904052734375,0.2569427490234375
2026-09-12 22:23:25,0.810699462890625,0.6145172119140625,-1.83233642578125
2026-09-12 22:23:29,-0.2237396240234375,-0.7437896728515625,-0.3083953857421875
2026-09-12 22:23:32,0.2792510986328125,-0.4824066162109375,-1.161468505859375
2026-09-12 22:23:35,-1.5748138427734375,-0.31524658203125,-0.0923919677734375
2026-09-12 22:23:38,2.524688720703125,-0.9820709228515625,-0.6679534912109375
2026-09-12 22:23:41,0.660552978515625,-0.87188720703125,0.10211181640625
2026-09-12 22:23:44,-0.01788330078125,-0.6181793212890625,-0.630767822265625
2026-09-12 22:23:47,-0.2300262451171875,0.875030517578125,-1.26641845703125
2026-09-12 22:23:50,0.5624847412109375,0.5111541748046875,-1.0734405517578125
2026-09-12 22:23:53,-1.544647216796875,-0.5886077880859375,0.5381317138671875
2026-09-12 22:23:56,-0.2317657470703125,-0.3327178955078125,-0.5720672607421875
2026-09-12 22:23:59,0.12725830078125,-0.568450927734375,-0.6317901611328125
2026-09-12 22:24:03,-0.44720458984375,0.01715087890625,-0.9019317626953125
2026-09-12 22:24:06,-0.0665130615234375,-0.903350830078125,-1.3384246826171875
2026-09-12 22:24:09,-0.154144287109375,-0.1292572021484375,-1.1651458740234375
2026-09-12 22:24:12,-0.1008148193359375,-0.25018310546875,-1.067962646484375
2026-09-12 22:24:15,0.00311279296875,-0.3943634033203125,-0.952484130859375
2026-09-12 22:24:18,-0.27435302734375,-0.43377685546875,-0.9282073974609375
2026-09-12 22:24:21,-0.022796630859375,-0.458038330078125,-0.9504547119140625
2026-09-12 22:24:24,0.0291290283203125,0.1376953125,-1.21881103515625
2026-09-12 22:24:28,-0.2111968994140625,0.05938720703125,-1.0585174560546875
2026-09-12 22:24:31,0.538299560546875,0.3193511962890625,-2.663330078125
2026-09-12 22:24:34,0.086517333984375,-0.468780517578125,-0.8388519287109375
2026-09-12 22:24:37,-0.0096435546875,-0.6094818115234375,-0.8353729248046875
2026-09-12 22:24:40,-0.001922607421875,-0.552398681640625,-0.84674072265625
2026-09-12 22:24:43,-0.009185791015625,-0.5450897216796875,-0.837799072265625
2026-09-12 22:24:46,-0.0177154541015625,-0.5340423583984375,-0.840911865234375
2026-09-12 22:24:49,-0.0247039794921875,-0.5353240966796875,-0.83685302734375
2026-09-12 22:24:52,0.0828704833984375,-0.606597900390625,-0.74981689453125
2026-09-12 22:24:55,-0.73419189453125,0.418670654296875,-0.5857391357421875
2026-09-12 22:24:58,0.3082122802734375,-0.341796875,-0.7194671630859375
2026-09-12 22:25:02,-0.003936767578125,-1.089691162109375,-0.226470947265625
2026-09-12 22:25:06,-0.1171722412109375,-0.95977783203125,-0.2446136474609375
2026-09-12 22:25:09,0.007568359375,-0.96337890625,-0.263916015625
2026-09-12 22:25:12,0.0082550048828125,-0.9640655517578125,-0.2630462646484375
2026-09-12 22:25:15,0.006591796875,-0.9636688232421875,-0.264984130859375
2026-09-12 22:25:18,0.0089263916015625,-0.9633636474609375,-0.2633514404296875
2026-09-12 22:25:21,0.0076751708984375,-0.964874267578125,-0.2653045654296875
2026-09-12 22:25:24,0.0089569091796875,-0.962982177734375,-0.265777587890625
2026-09-12 22:25:27,0.007415771484375,-0.964263916015625,-0.2639923095703125
2026-09-12 22:25:30,0.0071258544921875,-0.9642486572265625,-0.2635498046875
2026-09-12 22:25:33,0.0077972412109375,-0.961822509765625,-0.26470947265625
2026-09-12 22:25:37,0.0084686279296875,-0.964508056640625,-0.265289306640625
