filename,label,head_move,uncertain,out_of_frame,phone_visible,n,movement_g,mean_magnitude_g
1_20260912222910,0,0,0,0,0,2,0.0024,0.9993
2_20260912222921,2,0,0,0,0,4,0.0099,0.9989
3_20260912222931,0,1,1,0,0,3,0.0094,0.9971
4_20260912222941,0,0,0,0,0,3,0.0103,0.9991
5_20260912222951,0,0,0,0,0,3,0.0074,0.9993
6_20260912223001,0,0,0,0,0,3,0.0236,0.9988
7_20260912223011,2,0,0,0,0,3,0.0034,0.9995
8_20260912223021,2,0,0,0,0,4,0.0084,0.9994
9_20260912223031,2,0,0,0,0,3,0.0075,0.9985
10_20260912223041,2,0,0,0,0,3,0.0065,0.9986
11_20260912223051,2,0,1,0,0,3,0.0035,0.9987
12_20260912223101,2,0,0,0,0,4,0.0063,0.9995
13_20260912223111,2,0,0,0,0,3,0.0057,0.9992
14_20260912223121,2,0,0,0,0,3,0.0012,0.9992
15_20260912223131,2,0,0,0,0,3,0.0035,0.9996
16_20260912223141,0,0,0,0,0,3,0.0051,0.9996
17_20260912223151,2,0,0,0,0,4,0.0054,0.9994
18_20260912223201,2,0,0,0,0,3,0.0039,0.999
19_20260912223211,2,0,0,0,0,3,0.0041,0.9993
20_20260912223221,2,0,0,0,0,3,0.004,0.9994
21_20260912223231,2,0,1,0,0,3,0.0058,0.9992
22_20260912223241,2,0,0,0,0,4,0.0143,0.9992
23_20260912223251,0,0,0,0,0,3,0.0087,0.9992
24_20260912223301,0,0,0,0,0,3,0.0138,0.9996
25_20260912223311,0,0,0,0,0,3,0.0067,0.9995
26_20260912223321,0,0,0,0,0,4,0.0081,0.9989
27_20260912223331,0,0,0,0,0,3,0.0035,0.9987
28_20260912223341,0,0,0,0,0,3,0.0073,0.9989
29_20260912223351,0,0,0,0,0,3,0.0052,0.9997
30_20260912223401,0,0,0,0,0,3,0.0045,0.9993
31_20260912223411,0,0,0,0,0,4,0.0075,0.9989
32_20260912223421,0,0,0,0,0,3,0.0054,0.9995
33_20260912223431,0,0,0,0,0,3,0.0084,0.9998
34_20260912223441,0,0,0,0,0,3,0.0055,1.0001
35_20260912223451,0,0,0,0,0,4,0.0385,1.0003
36_20260912223501,0,0,0,0,0,3,0.0035,1.0004
37_20260912223511,0,1,0,0,0,3,0.008,0.9999
38_20260912223521,0,1,0,0,0,3,0.0027,0.9994
39_20260912223531,0,0,0,1,0,3,0.0061,0.9999
40_20260912223541,0,0,0,1,0,3,0.0149,0.9993
41_20260912223551,0,0,0,0,0,4,0.0598,1.0024
42_20260912223601,0,0,0,0,0,3,0.0029,0.9994
43_20260912223611,0,0,0,1,0,3,0.0055,0.9994
44_20260912223621,0,0,0,1,0,3,0.0079,1.0
45_20260912223632,0,0,0,1,0,4,0.0107,0.9984
46_20260912223642,0,0,0,1,0,3,0.0047,0.9981
47_20260912223652,0,0,0,1,0,3,0.0051,0.9997
48_20260912223702,0,0,0,1,0,3,0.0051,0.9989
49_20260912223712,0,0,0,1,0,3,0.004,1.0005
50_20260912223722,0,0,0,0,0,3,0.0028,0.9996
51_20260912223732,0,0,0,1,0,3,0.004,0.9998
52_20260912223742,0,0,0,1,0,3,0.0032,0.9995
53_20260912223752,0,0,0,1,0,4,0.0058,0.9992
54_20260912223802,0,0,0,1,0,3,0.0031,0.9994
55_20260912223812,0,0,0,1,0,3,0.0036,0.9995
56_20260912223822,0,0,0,1,0,3,0.0026,0.9998
57_20260912223832,0,0,0,1,0,3,0.0049,0.9988
58_20260912223842,0,0,0,1,0,4,0.0059,0.9996
59_20260912223852,0,0,0,1,0,3,0.0027,0.9998
60_20260912223902,0,0,0,1,0,3,0.0103,0.9989
61_20260912223912,0,0,0,1,0,3,0.0047,0.9992
62_20260912223922,0,0,0,1,0,3,0.0023,0.9987
63_20260912223932,0,0,0,1,0,4,0.005,0.9994
64_20260912223942,0,0,0,1,0,3,0.0048,0.9992
65_20260912223952,0,0,0,1,0,3,0.002,0.9991
66_20260912224002,0,0,0,1,0,3,0.0036,0.9996
67_20260912224012,0,0,0,1,0,3,0.0034,0.9994
68_20260912224022,0,0,0,1,0,3,0.0036,0.9991
69_20260912224032,0,0,0,1,0,3,0.0059,0.9989
70_20260912224042,0,0,0,1,0,4,0.0055,0.9991
71_20260912224052,0,0,0,1,0,3,0.0029,0.9993
72_20260912224103,0,0,0,1,0,3,0.0085,0.9993
73_20260912224113,0,0,0,1,0,4,0.0063,0.9994
74_20260912224123,0,0,0,1,0,3,0.0076,0.9998
75_20260912224133,0,0,0,1,0,3,0.0092,0.9995
76_20260912224143,0,0,0,1,0,3,0.0134,0.998
77_20260912224153,0,0,0,1,0,3,0.7378,0.889
78_20260912224203,0,0,0,1,0,3,0.6323,0.9169
79_20260912224213,0,0,0,1,0,4,0.8407,1.0723
80_20260912224223,0,0,0,1,0,3,0.2517,0.9963
81_20260912224233,0,0,0,1,0,3,1.8854,0.8744
82_20260912224243,0,0,0,1,0,3,0.0129,0.9948
83_20260912224253,0,0,0,1,0,4,0.0045,0.9965
84_20260912224303,0,0,0,1,0,3,0.0047,0.9969
85_20260912224313,0,0,0,1,0,3,0.0107,0.9953
86_20260912224323,0,0,0,1,0,3,0.0047,0.9964
87_20260912224333,0,0,0,1,0,4,0.0039,0.9964
88_20260912224343,0,0,0,1,0,3,0.0058,0.9964
89_20260912224353,0,0,0,1,0,3,0.0031,0.9965
90_20260912224403,0,0,0,1,0,3,0.005,0.9958
91_20260912224413,0,0,0,1,0,3,0.7467,0.9255
92_20260912224423,0,0,0,1,0,3,0.5351,0.9872
93_20260912224433,0,1,1,0,0,4,1.0402,1.1083
94_20260912224443,0,0,0,1,0,3,0.3693,0.971
95_20260912224453,0,0,0,1,0,3,0.3817,1.0456
96_20260912224503,0,0,0,1,0,2,0.6054,1.028
97_20260912230113,0,0,0,1,0,1,0.0,1.2916
98_20260912230123,0,0,0,1,0,3,0.5871,0.9889
99_20260912230133,0,0,0,1,0,3,0.1402,0.9985
100_20260912230143,0,0,0,1,0,3,0.1455,1.0161
101_20260912230153,0,0,0,1,0,2,0.1751,1.0029
102_20260919221033,0,0,0,0,0,1,0.0,1.0089
103_20260919221303,2,0,0,0,0,1,0.0,1.0089
104_20260919221403,1,0,1,0,0,3,0.107,0.9924
105_20260919221413,1,0,0,0,0,3,0.0099,0.9935
106_20260919221423,2,0,1,0,1,3,0.585,1.0059
107_20260919221433,0,0,0,0,0,4,6.4627,1.474
108_20260919221443,1,0,1,0,0,3,1.9563,0.9862
109_20260919221453,0,0,0,0,0,3,2.1364,1.2125
110_20260919221503,2,0,0,0,0,3,1.8275,1.1412
111_20260919221513,0,0,1,0,0,4,1.9326,0.916
112_20260919221523,1,0,0,0,0,3,4.2193,1.3641
113_20260919221533,0,1,1,0,0,3,2.4081,0.9788
114_20260919221543,0,0,0,0,0,3,2.0281,1.0091
115_20260919221553,1,0,1,0,0,3,1.8117,0.9503
116_20260919221603,0,0,0,0,0,3,0.0227,0.9967
117_20260919221613,0,0,0,0,0,4,0.0822,1.0011
118_20260919221623,2,0,0,0,0,3,0.0519,1.003
119_20260919221633,2,0,0,0,0,3,0.0296,0.9999
120_20260919221643,1,0,0,0,0,3,0.0245,0.9974
121_20260919221653,0,0,0,0,0,4,0.0199,0.9976
122_20260919221703,0,0,0,0,0,3,0.0184,1.0
123_20260919221713,0,0,0,0,0,3,0.0577,1.0008
124_20260919221723,0,0,0,0,0,3,0.0659,0.9954
125_20260919221733,0,0,0,0,0,4,0.0205,0.9985
126_20260919221743,0,1,0,0,0,2,0.0076,0.9978
127_20260919221753,0,0,0,0,0,4,0.0258,0.9958
128_20260919221803,2,0,0,0,0,3,0.0092,0.9983
129_20260919221813,0,0,0,0,0,3,0.0387,0.9932
130_20260919221823,0,0,0,0,0,3,0.0731,1.001
131_20260919221833,2,0,1,0,0,4,0.0285,0.9987
132_20260919221843,2,0,1,0,0,3,0.0057,0.9976
133_20260919221853,0,0,0,0,0,3,0.0299,1.0031
134_20260919221903,0,0,0,0,0,3,0.0199,0.9977
135_20260919221913,0,0,0,0,0,4,0.0479,0.9972
136_20260919221923,2,0,1,0,0,3,0.037,0.9978
137_20260919221933,0,0,0,0,0,3,0.0108,0.9996
138_20260919221943,0,0,0,0,0,3,0.0469,0.9983
139_20260919221953,0,0,0,1,0,3,0.0122,0.9986
140_20260919222003,0,0,0,1,0,3,0.0285,0.9989
141_20260919222013,0,0,0,1,0,4,0.0094,0.9987
142_20260919222023,0,0,0,1,0,3,0.0217,0.9983
143_20260919222033,0,0,0,1,0,3,0.0362,1.0039
144_20260919222043,0,0,0,1,0,3,0.019,1.0035
145_20260919222053,0,1,0,1,0,4,0.0319,1.0023
146_20260919222103,0,0,0,1,0,3,0.0293,0.9969
147_20260919222113,0,0,0,1,0,3,0.0833,0.9963
148_20260919222123,0,1,0,1,0,3,0.0515,0.9995
149_20260919222133,0,0,1,0,0,3,0.0193,1.0061
150_20260919222143,0,0,0,0,0,3,0.04,1.0026
151_20260919222153,0,0,0,0,0,4,0.0143,0.9986
152_20260919222203,0,0,0,0,0,3,0.0166,0.9975
153_20260919222213,0,0,0,0,0,3,0.0202,0.9981
154_20260919222223,0,0,0,0,0,3,0.0091,0.9973
155_20260919222233,0,0,0,0,0,4,0.0143,0.997
156_20260919222243,0,0,0,0,0,3,0.011,0.9965
157_20260919222253,2,0,1,0,1,3,0.0172,1.0008
158_20260919222303,0,1,0,0,0,3,0.0316,1.0012
159_20260919222313,0,0,0,0,0,4,0.0324,0.9929
160_20260919222323,2,0,1,0,0,3,0.0272,0.999
161_20260919222333,1,0,1,0,0,3,0.0124,0.9967
162_20260919222343,1,0,0,0,0,3,0.0184,0.9962
163_20260919222353,2,0,1,0,0,3,0.0137,0.9972
164_20260919222403,1,0,0,0,0,3,0.0112,0.9966
165_20260919222413,0,1,1,0,1,3,0.0112,0.9976
166_20260919222423,0,0,0,0,0,3,0.0456,1.0048
167_20260919222433,0,0,0,0,0,3,0.0511,1.0016
168_20260919222443,2,0,0,0,0,4,0.1075,0.9991
169_20260919222453,1,0,0,0,0,3,0.0902,0.9878
170_20260919222503,2,0,0,0,0,3,0.0095,0.9978
171_20260919222513,2,0,0,0,0,3,0.0048,0.9973
172_20260919222523,2,0,0,0,0,4,0.0192,0.9987
173_20260919222533,1,0,1,0,0,3,0.0443,0.9904
174_20260919222543,0,0,0,0,0,3,0.0886,1.0026
175_20260919222553,0,0,0,0,0,3,0.357,1.0206
176_20260919222603,0,0,1,0,0,3,0.0467,0.9992
177_20260919222613,0,0,1,0,0,3,0.0758,0.9826
178_20260919222623,2,0,0,0,0,4,0.1738,0.9885
179_20260919222633,1,0,0,0,0,3,0.0602,1.0031
180_20260919222643,1,0,0,0,0,3,0.1403,0.9762
181_20260919222653,0,0,0,1,0,3,0.8197,1.0173
182_20260919222703,0,0,0,1,0,2,0.1962,0.9639
183_20260919222733,0,0,0,1,0,3,2.4405,0.8742
184_20260919222743,0,0,0,1,0,3,1.3454,0.899
185_20260919222753,0,0,0,1,0,3,0.0186,0.999
186_20260919222803,0,0,0,1,0,3,1.8537,0.9073
187_20260919222813,0,0,0,1,0,4,3.1563,1.2068
188_20260919222823,0,0,0,1,0,3,1.8846,0.8396
189_20260919222833,0,1,0,0,0,3,1.1907,0.4076
190_20260919222843,0,1,0,1,0,3,2.9805,0.9905
191_20260919222853,2,0,0,0,0,4,4.7952,1.1109
192_20260919222903,1,0,1,0,0,3,2.694,0.8748
193_20260919222913,1,0,0,0,0,3,1.0043,1.0
194_20260919222923,1,0,0,0,0,3,1.5838,1.0607
195_20260919222933,0,1,1,0,0,3,0.035,0.9978
196_20260919222943,1,0,0,0,0,3,0.1628,0.9694
197_20260919222953,0,0,0,0,0,4,0.025,0.9884
198_20260919223003,0,0,1,0,0,3,0.0435,0.9906
199_20260919223013,2,0,0,0,0,3,0.014,0.9934
200_20260919223023,1,0,0,0,0,3,0.013,0.9951
201_20260919223033,0,0,0,0,0,4,0.013,0.995
202_20260919223043,0,0,0,0,0,3,0.0165,0.9918
203_20260919223053,1,0,0,0,0,3,0.0132,0.9946
204_20260919223103,0,1,0,0,0,3,0.0054,0.996
205_20260919223113,0,0,0,0,0,3,0.0144,0.9931
206_20260919223123,0,0,0,0,0,3,0.052,1.0018
207_20260919223133,0,0,0,0,0,4,0.0316,0.9962
208_20260919223143,0,0,0,0,0,3,2.7814,1.3067
209_20260919223153,0,0,0,0,0,3,3.5459,1.4704
210_20260919223203,0,0,0,0,0,3,2.2623,0.9204
211_20260919223213,0,0,0,0,0,4,1.3817,1.1075
212_20260919223223,0,0,0,0,0,3,0.2418,0.9511
213_20260919223233,0,0,1,0,0,3,0.0364,0.9975
214_20260919223243,0,0,0,0,0,3,0.0854,1.0008
215_20260919223253,1,0,0,0,0,4,0.0542,0.9938
216_20260919223303,1,0,0,0,0,3,0.1072,1.0034
217_20260919223313,0,0,1,0,0,3,0.0258,0.9985
218_20260919223323,2,0,1,0,1,3,0.0298,0.9979
219_20260919223333,1,0,0,0,0,3,0.0148,0.996
220_20260919223343,0,1,0,0,0,3,0.0236,0.9933
221_20260919223353,0,1,0,1,0,4,0.0177,0.9963
222_20260919223403,0,0,0,0,0,3,0.0097,0.9994
223_20260919223413,0,0,0,0,0,3,0.0191,0.9966
224_20260919223423,0,0,0,0,0,3,0.0335,0.9949
225_20260919223433,0,0,0,0,0,4,0.0323,0.9951
226_20260919223443,0,0,0,0,0,3,0.0154,0.9949
227_20260919223453,0,0,0,0,0,3,0.0169,0.9978
228_20260919223503,0,0,0,0,0,3,0.0105,0.9991
229_20260919223513,0,0,0,0,0,3,0.0098,0.9982
230_20260919223523,0,0,0,0,0,3,0.0071,0.9962
231_20260919223533,0,0,0,0,0,4,0.055,0.9909
232_20260919223543,0,0,1,0,0,3,0.0301,0.9994
233_20260919223553,0,0,0,0,0,3,0.0203,1.0004
234_20260919223603,0,0,0,0,0,3,0.0106,0.9973
235_20260919223613,0,0,0,0,0,4,0.014,0.9953
236_20260919223623,0,0,1,0,0,3,0.0972,0.9901
237_20260919223633,0,0,0,0,0,3,1.8423,1.3692
238_20260919223643,0,0,0,0,0,3,2.7446,0.9651
239_20260919223653,0,0,0,0,0,3,1.2712,1.1651
240_20260919223703,0,0,0,0,0,3,0.0988,1.0089
241_20260919223713,0,0,0,0,0,4,4.5717,1.252
242_20260919223723,2,0,0,0,0,3,0.2942,1.0214
243_20260919223733,0,0,0,0,0,3,0.0049,0.9965
244_20260919223743,0,0,0,0,0,3,0.0076,0.9976
245_20260919223753,0,0,1,0,0,4,0.0092,0.997
246_20260919223803,0,0,0,0,0,3,0.007,0.9955
247_20260919223813,0,1,0,0,1,3,0.0096,0.9948
248_20260919223823,0,0,0,0,0,3,0.0134,0.9977
249_20260919223833,2,0,1,0,0,4,0.0086,0.9944
250_20260919223843,0,0,0,0,0,3,0.0081,0.9973
251_20260919223853,0,0,0,0,0,3,0.0428,1.0005
252_20260919223903,1,0,0,0,0,3,0.0219,1.0007
253_20260919223913,0,0,0,0,0,3,0.032,0.9985
254_20260919223923,1,0,0,0,0,3,0.0696,0.9844
255_20260919223933,0,0,0,0,0,4,0.0218,0.9969
256_20260919223943,2,0,0,0,0,3,0.0273,0.998
257_20260919223953,1,0,0,0,0,3,2.2713,0.9171
258_20260919224003,0,0,0,0,0,3,4.3719,1.7509
259_20260919224013,1,0,0,0,0,4,4.3489,1.0682
260_20260919224023,0,0,0,0,0,3,5.6017,1.5276
261_20260919224033,1,0,1,0,0,3,1.3537,0.8875
262_20260919224043,0,0,0,0,0,3,3.4457,1.1503
263_20260919224053,1,0,0,0,0,4,0.2802,0.999
264_20260919224103,0,0,0,0,0,2,0.4409,1.0285
265_20260919224113,0,0,0,0,0,4,0.2608,1.003
266_20260919224123,1,0,1,0,0,3,0.302,1.0361
267_20260919224133,0,0,0,0,0,3,4.7954,1.3772
268_20260919224143,1,0,0,0,0,3,7.2419,2.4522
269_20260919224153,0,0,0,0,0,4,0.5325,0.9985
270_20260919224203,0,0,0,0,0,3,0.1467,0.9981
271_20260919224213,1,0,0,0,0,3,0.2515,1.0144
272_20260919224223,1,0,0,0,0,3,0.7316,1.0605
273_20260919224233,0,1,0,0,0,4,0.4026,1.0567
274_20260919224243,0,0,0,1,0,3,0.3288,0.9922
275_20260919224253,2,0,0,0,0,3,0.1145,1.0066
276_20260919224303,1,0,0,0,0,3,1.9334,1.461
277_20260919224313,2,0,0,0,0,3,5.7941,2.0356
278_20260919224323,2,0,0,0,0,3,3.2489,1.5417
279_20260919224333,2,0,0,0,0,4,4.7827,1.3432
280_20260919224343,0,0,0,0,0,3,4.8458,2.7844
281_20260919224353,0,0,0,0,0,3,4.5009,2.515
282_20260919224403,1,0,0,0,0,3,6.7756,4.6299
283_20260919224413,1,0,1,0,0,4,10.2398,4.3645
284_20260919224423,1,0,1,0,0,3,1.8238,1.3294
285_20260919224433,0,0,1,0,0,3,0.6641,1.1005
286_20260919224443,1,0,0,0,0,3,1.0504,1.0456
287_20260919224453,1,0,0,0,0,3,2.4757,1.3215
288_20260919224503,0,0,0,0,0,3,2.9176,1.3243
289_20260919224513,1,0,1,0,0,4,3.036,0.8905
290_20260919224523,1,0,0,0,0,3,0.0284,0.997
291_20260919224533,1,0,0,0,0,3,0.0798,1.0031
292_20260919224543,0,0,0,0,0,3,0.1325,0.9938
293_20260919224553,0,0,0,0,0,4,0.7363,1.0076
294_20260919224603,0,0,0,0,0,3,0.2396,0.9878
295_20260919224613,0,0,0,0,0,3,0.0899,0.9946
296_20260919224623,1,0,0,0,0,3,0.4026,0.9807
297_20260919224633,0,1,1,0,0,3,0.1532,0.9907
298_20260919224643,0,0,0,0,0,4,0.1469,1.0077
299_20260919224653,1,0,0,0,0,3,0.5527,0.9943
300_20260919224703,0,1,0,0,0,3,0.0422,0.9944
301_20260919224713,1,0,1,0,0,3,0.0313,0.9942
302_20260919224723,1,0,1,0,0,3,0.0242,1.0042
303_20260919224733,1,0,0,0,0,4,0.0372,0.9963
304_20260919224743,1,0,1,0,0,3,0.014,0.9983
305_20260919224753,1,0,0,0,0,3,0.0455,0.9969
306_20260919224803,1,0,0,0,0,3,0.0368,0.9912
307_20260919224813,0,0,0,0,0,4,0.0156,0.9938
308_20260919224823,1,0,0,0,0,3,3.1405,1.134
309_20260919224833,0,0,0,0,0,3,6.1555,2.7028
310_20260919224843,1,0,0,0,0,3,5.7694,1.9746
311_20260919224853,1,0,0,0,0,3,3.75,1.3817
312_20260919224903,1,0,0,0,0,4,0.0949,0.9898
313_20260919224913,0,1,0,0,0,3,0.0414,0.993
314_20260919224923,0,1,1,0,0,3,0.031,0.9939
315_20260919224933,0,0,1,0,0,3,0.029,0.9953
316_20260919224943,0,0,0,0,0,3,0.028,0.9955
317_20260919224953,1,0,0,0,0,4,0.0138,0.991
318_20260919225003,0,0,0,0,0,3,0.0182,0.9955
319_20260919225013,1,0,0,0,0,3,0.0263,0.9954
320_20260919225023,1,0,1,0,0,3,0.0192,0.995
321_20260919225033,1,0,1,0,0,3,0.0507,0.9947
322_20260919225043,0,0,0,0,0,4,0.0208,0.9964
323_20260919225053,1,0,1,0,0,3,0.0147,0.9956
324_20260919225103,0,0,0,0,0,3,0.0175,0.9975
325_20260919225113,0,0,0,0,0,3,0.0162,0.9943
326_20260919225123,0,0,0,0,0,3,0.0262,0.9963
327_20260919225133,0,0,0,0,0,4,0.1013,0.9928
328_20260919225143,1,0,0,0,0,3,4.8869,1.5665
329_20260919225153,0,0,0,0,0,3,7.3776,2.0451
330_20260919225203,0,0,0,0,0,3,11.3728,3.2216
331_20260919225213,1,0,0,0,0,4,1.9256,0.9034
332_20260919225223,0,0,0,0,0,3,0.0307,0.998
333_20260919225233,1,0,1,0,0,3,0.0227,0.9942
334_20260919225243,0,0,0,0,0,3,0.0195,0.9936
335_20260919225253,0,0,1,0,0,3,0.019,0.9939
336_20260919225303,0,0,0,0,0,4,0.0814,0.9944
337_20260919225313,0,0,0,0,0,3,0.1008,0.9834
338_20260919225323,0,0,0,0,0,3,0.2001,0.9987
339_20260919225333,0,0,0,0,0,3,0.1564,0.9955
340_20260919225343,0,0,0,0,0,3,0.0252,0.9932
341_20260919225353,0,1,0,0,0,4,0.0587,0.9949
342_20260919225403,1,0,1,0,0,3,0.0338,0.9944
343_20260919225413,0,0,0,0,0,3,0.0377,1.0019
344_20260919225423,1,0,0,0,0,3,0.0393,1.0049
345_20260919225433,2,0,0,0,0,4,0.0284,0.9989
346_20260919225443,0,0,0,0,0,3,0.021,1.001
347_20260919225453,0,0,0,0,0,3,0.0216,0.9948
348_20260919225503,1,0,1,0,0,3,0.0351,0.9938
349_20260919225513,1,0,0,0,0,3,0.0612,0.9903
350_20260919225523,1,0,1,0,0,3,0.0219,0.9932
351_20260919225533,1,0,1,0,0,4,0.0251,0.995
352_20260919225543,1,0,0,0,0,3,0.0143,0.9948
353_20260919225553,0,0,0,0,0,3,0.0192,0.9939
354_20260919225603,0,0,0,0,0,3,0.0513,0.9907
355_20260919225613,0,0,0,0,0,4,0.046,0.9944
356_20260919225623,0,0,0,0,0,3,0.0173,0.9929
357_20260919225633,0,0,0,0,0,3,0.0096,0.995
358_20260919225643,0,0,0,0,0,3,0.0168,0.9935
359_20260919225653,1,0,0,0,0,3,0.0378,0.9972
360_20260919225703,0,0,0,0,0,4,0.0332,0.9974
361_20260919225713,1,0,0,0,0,3,0.036,1.0009
362_20260919225723,0,0,0,0,0,3,0.0414,0.9935
363_20260919225733,1,0,1,0,0,3,0.0427,0.9971
364_20260919225743,1,0,0,0,0,3,0.1051,0.9858
365_20260919225753,0,0,0,0,0,4,0.0822,0.9866
366_20260919225803,0,0,0,1,0,3,0.0482,0.9925
367_20260919225813,0,0,0,0,0,3,0.0597,1.0049
368_20260919225823,0,1,0,0,0,3,0.0087,1.0028
369_20260919225833,0,0,0,0,0,3,0.0708,0.9921
370_20260919225843,0,0,0,0,0,4,0.0321,0.9928
371_20260919225853,1,0,0,0,0,3,0.0149,0.9906
372_20260919225903,0,0,1,0,0,3,0.0167,0.9945
373_20260919225913,1,0,0,0,0,3,0.0126,0.9993
374_20260919225923,0,1,0,0,0,3,0.0147,0.9931
375_20260919225933,1,0,0,0,0,4,0.0205,0.9895
376_20260919225943,1,0,1,0,0,3,0.0151,0.9929
377_20260919225953,0,0,0,0,0,3,0.0073,0.9961
378_20260919230003,2,0,0,0,0,3,0.0199,0.9968
379_20260919230013,0,0,0,0,0,4,4.384,1.1203
380_20260919230023,0,0,1,0,0,3,0.7832,1.0144
381_20260919230033,1,0,0,0,0,3,1.9683,0.8929
382_20260919230043,1,0,0,0,0,3,0.1737,1.0348
383_20260919230053,1,0,1,0,0,3,0.0112,1.0015
384_20260919230103,0,1,0,0,0,4,0.0178,0.9997
385_20260919230113,1,0,0,0,0,3,0.1655,0.9831
386_20260919230123,0,1,0,0,0,3,0.5608,1.0501
387_20260919230133,0,1,0,0,0,3,0.3186,0.9968
388_20260919230143,0,0,0,0,0,3,0.764,0.9319
389_20260919230153,0,1,0,0,0,4,0.1859,0.9989
390_20260919230203,1,0,0,0,0,3,0.7203,1.048
391_20260919230213,1,0,0,0,0,3,0.1062,0.9983
392_20260919230223,0,0,1,0,0,3,0.3147,1.0105
393_20260919230233,0,0,1,0,0,3,0.1104,0.9953
394_20260919230243,1,0,0,0,0,4,0.0847,0.9962
395_20260919230253,1,0,0,0,0,3,0.2011,1.0051
396_20260919230303,1,0,0,0,0,3,0.4617,0.9562
397_20260919230313,0,0,0,1,0,3,0.0611,0.995
398_20260919230323,2,0,0,0,0,3,0.0482,0.9925
399_20260919230333,0,1,0,0,0,4,0.0111,0.994
400_20260919230343,0,0,0,0,0,3,0.0108,0.9945
401_20260919230353,1,0,0,0,0,3,0.0147,0.996
402_20260919230403,0,0,1,0,0,3,0.0182,0.9957
403_20260919230413,0,0,0,0,0,3,0.0173,0.9946
404_20260919230423,1,0,0,0,0,4,0.0168,0.9963
405_20260919230433,0,0,0,0,0,3,0.0243,0.9961
406_20260919230443,0,0,0,0,0,3,0.0201,0.9933
407_20260919230453,0,0,0,0,0,3,0.0171,0.9972
408_20260919230503,0,0,0,0,0,4,0.0205,0.9964
409_20260919230513,0,1,0,0,0,3,0.0074,0.995
410_20260919230523,0,0,0,0,0,3,0.0092,0.9971
411_20260919230533,2,0,0,0,0,3,0.0159,0.9929
412_20260919230543,2,0,0,0,0,3,0.015,0.996
413_20260919230553,2,0,0,0,0,3,0.0205,1.0005
414_20260919230603,2,0,1,0,0,4,0.0079,0.9969
415_20260919230613,2,0,0,0,0,3,0.0182,0.9981
416_20260919230623,0,0,0,0,0,3,0.0088,0.9981
417_20260919230633,2,0,0,0,0,3,0.0136,0.998
418_20260919230643,2,0,0,0,0,4,0.0382,0.9955
419_20260919230653,0,0,0,0,0,3,0.04,0.996
420_20260919230703,2,0,0,0,0,3,0.0102,0.9961
421_20260919230713,1,0,1,0,0,3,0.0126,0.9961
422_20260919230723,2,0,1,0,0,3,0.0536,1.0014
423_20260919230733,0,0,0,0,0,4,0.0344,0.9949
424_20260919230743,0,0,0,0,0,3,0.0124,0.9928
425_20260919230753,0,0,0,0,0,3,0.0079,0.9944
426_20260919230803,0,0,0,0,0,3,0.0086,0.9934
427_20260919230813,0,0,0,0,0,3,0.0107,0.9959
428_20260919230823,0,0,0,0,0,4,0.0159,0.9948
429_20260919230833,0,0,0,0,0,3,0.0086,0.9952
430_20260919230843,0,0,0,0,0,3,0.0138,0.9947
431_20260919230853,0,0,0,0,0,3,0.017,0.9961
432_20260919230903,2,0,1,0,0,4,0.0168,0.9964
433_20260919230913,0,0,0,0,0,3,0.0217,0.9958
434_20260919230923,0,0,0,0,0,3,0.0199,0.9977
435_20260919230933,0,0,0,0,0,3,0.8211,0.9683
436_20260919230943,0,0,0,0,0,3,0.2653,0.9838
437_20260919230953,0,1,0,0,0,3,3.9939,1.1172
438_20260919231003,2,0,0,0,0,4,1.9175,0.9402
439_20260919231013,1,0,1,0,0,3,0.4351,0.9516
440_20260919231023,1,0,1,0,0,3,0.0217,0.9948
441_20260919231033,0,0,0,0,0,3,0.0179,0.9941
442_20260919231043,0,0,0,0,0,4,0.1422,0.9963
443_20260919231053,2,0,1,0,0,3,0.0397,0.9861
444_20260919231103,2,0,0,0,0,3,0.0211,0.9949
445_20260919231113,0,1,0,0,0,3,0.0074,0.996
446_20260919231123,0,0,0,0,0,3,0.0177,0.9941
447_20260919231133,0,0,0,0,0,3,0.0068,0.9956
448_20260919231143,0,1,0,0,0,4,0.0269,0.9959
449_20260919231153,0,0,0,0,0,3,0.0222,0.9962
450_20260919231203,0,0,0,0,0,3,0.0195,0.9931
451_20260919231213,0,0,0,1,0,3,0.0233,0.9948
452_20260919231223,0,0,0,1,0,4,0.0197,0.9936
453_20260919231233,0,0,0,1,0,3,0.0217,0.9981
454_20260919231243,0,0,0,1,0,3,0.037,0.9979
455_20260919231253,0,0,0,1,0,3,0.093,0.997
456_20260919231303,0,0,0,1,0,3,0.0195,0.9945
457_20260919231313,0,1,0,1,0,3,0.0235,0.9916
458_20260919231323,0,1,1,0,0,4,0.0217,0.9924
459_20260919231333,0,0,0,0,0,3,0.0209,0.9942
460_20260919231343,2,0,0,0,0,3,0.011,0.997
461_20260919231353,0,0,0,0,0,3,0.0115,0.9933
462_20260919231403,0,0,0,0,0,4,0.0227,0.9938
463_20260919231413,0,0,0,0,0,3,0.0148,0.9907
464_20260919231423,0,0,0,0,0,3,0.023,0.9904
465_20260919231433,0,0,0,0,0,3,0.0179,0.9981
466_20260919231443,0,0,0,0,0,3,0.0133,0.9957
467_20260919231453,0,0,0,0,0,3,0.0819,1.0029
468_20260919231503,0,0,0,0,0,4,0.0477,1.0008
469_20260919231513,2,0,0,0,0,3,0.0526,1.0069
470_20260919231523,0,1,0,0,0,3,8.3889,2.9448
471_20260919231823,1,0,0,0,0,2,0.0605,0.9941
472_20260919231833,2,0,0,0,0,3,0.1832,0.9787
473_20260919231843,1,0,1,0,0,4,1.1008,1.1703
474_20260919231853,1,0,1,0,0,3,7.5297,2.0244
475_20260919231903,1,0,0,0,0,3,2.2558,1.2228
476_20260919231913,0,0,1,0,0,3,0.2028,0.9978
477_20260919231923,1,0,0,0,0,4,1.2969,0.9695
478_20260919231933,1,0,1,0,0,3,0.7841,1.1723
479_20260919231943,0,0,0,0,0,3,0.1174,0.996
480_20260919231953,0,0,1,0,0,3,0.0811,1.0049
481_20260919232003,0,0,0,0,0,3,0.0826,0.9818
482_20260919232013,0,0,0,0,0,3,0.0139,0.9956
483_20260919232023,0,0,0,0,0,4,0.0366,1.0014
484_20260919232033,0,0,0,0,0,3,0.0418,0.9902
485_20260919232043,0,0,0,0,0,3,0.044,0.9882
486_20260919232053,0,0,0,0,0,3,0.0761,0.9881
487_20260919232103,0,0,0,0,0,4,0.0747,0.992
488_20260919232113,0,0,0,0,0,3,0.0117,0.9944
489_20260919232123,0,0,0,0,0,3,0.0286,0.9991
490_20260919232133,0,0,0,0,0,3,0.0166,0.996
491_20260919232143,0,0,0,0,0,3,0.0202,0.9952
492_20260919232153,0,0,0,0,0,4,0.0524,0.9951
493_20260919232203,1,0,0,0,0,3,0.0523,0.9867
494_20260919232213,0,0,0,0,0,3,0.0134,0.9923
495_20260919232223,0,0,0,0,0,3,0.019,0.9987
496_20260919232233,0,0,0,0,0,3,0.02,0.999
497_20260919232243,0,0,0,0,0,4,0.0231,0.994
498_20260919232253,0,0,0,0,0,3,0.0733,0.9904
499_20260919232303,1,0,0,0,0,3,0.0549,0.9944
500_20260919232313,0,0,0,0,0,3,0.0099,0.9941
501_20260919232323,0,0,0,0,0,3,0.0307,0.9917
502_20260919232333,1,0,0,0,0,4,0.0344,0.994
503_20260919232343,0,0,0,0,0,3,0.0659,0.9935
504_20260919232353,0,0,0,0,0,3,0.1952,0.9974
505_20260919232403,0,0,0,0,0,3,0.0519,1.0167
506_20260919232413,0,0,0,0,0,3,0.1478,0.967
507_20260919232423,0,0,0,0,0,4,0.1591,0.9788
508_20260919232433,0,0,0,0,0,3,0.0818,1.0059
509_20260919232443,0,0,0,0,0,3,2.4335,1.6391
510_20260919232453,0,0,0,0,0,3,0.1108,1.009
511_20260919232503,0,0,0,0,0,3,0.0191,0.9955
512_20260919232513,1,0,1,0,0,4,0.0246,0.9969
513_20260919232523,1,0,0,0,0,3,0.0082,0.9952
514_20260919232533,0,0,0,0,0,3,0.0201,0.995
515_20260919232543,1,0,0,0,0,3,0.1175,0.9913
516_20260919232553,0,0,0,0,0,4,0.1242,1.003
517_20260919232603,1,0,1,0,0,3,0.0288,0.9984
518_20260919232613,0,0,0,0,0,3,0.0138,0.996
519_20260919232623,1,0,0,0,0,3,0.0321,0.9936
520_20260919232633,0,0,0,0,0,3,0.0114,0.9959
521_20260919232643,1,0,1,0,0,3,0.0132,0.9964
522_20260919232653,0,0,0,0,0,4,0.0432,0.9991
523_20260919232703,0,0,0,0,0,3,0.008,0.9946
524_20260919232713,0,0,0,0,0,3,0.0067,0.9965
525_20260919232723,0,0,0,0,0,3,0.0149,0.9962
526_20260919232733,1,0,1,0,0,4,0.0052,0.9957
527_20260919232743,2,0,0,0,0,3,0.0039,0.998
528_20260919232753,0,0,0,0,0,3,0.0206,0.9946
529_20260919232803,0,0,0,0,0,3,0.0102,0.9945
530_20260919232813,0,0,0,0,0,3,0.0023,0.9952
531_20260919232823,1,0,1,0,0,3,0.0049,0.9942
532_20260919232833,1,0,1,0,0,4,0.0114,0.9949
533_20260919232843,0,0,0,0,0,3,0.0051,0.9947
534_20260919232853,0,0,0,0,0,3,0.0081,0.9945
535_20260919232903,0,0,0,0,0,3,0.0104,0.9946
536_20260919232913,0,1,0,0,0,4,0.5181,0.9418
537_20260919232923,1,0,1,0,0,2,0.6505,1.2118
538_20260919233223,0,1,0,0,0,1,0.0,1.4745
539_20260919233233,1,0,0,0,0,3,1.576,0.6729
540_20260919233243,0,0,0,0,0,3,4.2168,1.2436
541_20260919233253,0,0,0,0,0,4,5.5418,1.5839
542_20260919233303,0,0,1,0,0,3,6.6036,2.5153
543_20260919233313,1,0,0,0,0,3,2.131,1.0466
544_20260919233323,0,0,0,0,0,3,1.6233,0.9846
545_20260919233333,0,1,0,0,0,4,2.2635,0.9177
546_20260919233343,0,0,0,0,0,3,4.1984,1.2722
547_20260919233353,1,0,0,0,0,3,0.0063,0.995
548_20260919233403,0,0,0,0,0,3,0.0084,0.996
549_20260919233413,0,0,1,0,1,3,0.0094,0.9953
550_20260919233423,0,0,0,0,0,3,0.0156,0.9958
551_20260919233433,1,0,1,0,0,4,0.0187,0.9964
552_20260919233443,0,0,0,0,0,3,0.0099,0.9978
553_20260919233453,0,0,0,0,0,3,0.0073,0.9952
554_20260919233503,1,0,1,0,0,3,0.0199,0.9953
555_20260919233513,0,0,0,0,0,3,0.0077,0.9968
556_20260919233523,0,0,0,0,0,3,0.0124,0.9954
557_20260919233533,1,0,1,0,0,3,0.0159,0.9968
558_20260919233543,0,0,0,0,0,4,0.8698,1.0007
559_20260919233553,0,0,0,0,0,3,0.6215,1.0062
560_20260919233603,0,0,0,0,0,3,0.1807,0.994
561_20260919233613,0,0,1,0,0,3,0.0267,0.9937
562_20260919233623,0,0,0,0,0,3,0.0755,0.994
563_20260919233633,1,0,0,0,0,3,0.7683,1.0612
564_20260919233643,1,0,0,0,0,4,1.3355,0.9972
565_20260919233653,0,0,0,0,0,3,0.0569,1.0036
566_20260919233703,1,0,0,0,0,2,0.7524,1.0539
567_20260919233713,0,0,0,0,0,3,1.7102,1.072
568_20260919233723,0,0,0,0,0,3,0.2806,1.0128
569_20260919233733,0,0,0,0,1,4,1.6458,0.8854
570_20260919233743,0,0,0,0,0,3,0.9931,1.0206
571_20260919233753,0,0,0,0,0,3,0.4597,0.9598
572_20260919233803,0,0,0,0,0,3,0.488,0.9779
573_20260919233813,0,0,0,0,0,4,1.4874,0.8711
574_20260919233823,0,0,0,0,0,2,1.0386,0.8278
575_20260919233833,0,0,0,0,0,4,2.3261,0.8065
576_20260919233843,0,0,0,0,0,3,0.0998,0.9941
577_20260919233853,0,0,0,0,0,3,0.1315,0.9866
578_20260919233903,0,0,0,0,0,3,0.1266,1.0366
579_20260919233913,0,0,0,0,0,4,0.0213,0.993
580_20260919233923,0,0,0,0,0,3,0.0092,0.9974
581_20260919233933,0,0,0,0,0,2,0.0146,0.9964
582_20260919233943,0,1,0,0,0,4,0.037,0.994
583_20260919233953,0,0,0,0,0,3,0.0119,0.9955
584_20260919234003,0,0,0,0,0,3,0.0226,0.9956
585_20260919234013,0,0,1,0,0,3,0.0069,0.9957
586_20260919234023,0,0,0,0,0,3,0.0054,0.9955
587_20260919234033,0,0,0,0,0,3,0.0145,0.9947
588_20260919234043,0,0,0,0,0,4,0.0674,0.9933
589_20260919234053,1,0,0,0,0,3,0.0184,0.9946
590_20260919234103,1,0,0,0,0,3,0.038,0.9937
591_20260919234113,1,0,1,0,0,3,0.0496,1.0008
592_20260919234123,0,0,0,0,0,3,0.028,0.9896
593_20260919234133,0,1,0,0,1,4,0.0147,0.9948
594_20260919234143,0,0,0,0,0,2,0.0093,0.9943
595_20260919234153,0,0,1,0,0,4,0.0096,0.9943
596_20260919234203,1,0,0,0,0,3,0.02,0.9978
597_20260919234213,0,0,1,0,0,3,0.0189,0.9914
598_20260919234223,2,0,1,0,0,3,0.0205,0.9905
599_20260919234233,2,0,0,0,0,3,0.0147,0.9949
600_20260919234243,1,0,1,0,0,3,0.0085,0.9946
601_20260919234253,1,0,0,0,0,3,0.0203,0.9946
602_20260919234303,2,0,0,0,0,4,0.0155,0.9947
603_20260919234314,2,0,0,0,0,3,0.0098,0.995
604_20260919234323,2,0,0,0,0,3,0.0063,0.9966
605_20260919234333,0,0,0,0,0,2,0.01,0.994
606_20260919234343,0,0,1,0,0,3,0.0069,0.9945
607_20260919234353,1,0,0,0,0,3,0.0443,0.9974
608_20260919234403,0,0,0,0,0,3,0.015,0.9953
609_20260919234413,1,0,1,0,0,3,0.0081,0.9959
610_20260919234423,1,0,0,0,0,3,0.0258,0.9979
