filename,label
1_20260912222910,0
2_20260912222921,2
3_20260912222931,0
4_20260912222941,0
5_20260912222951,0
6_20260912223001,0
7_20260912223011,2
8_20260912223021,2
9_20260912223031,2
10_20260912223041,2
11_20260912223051,2
12_20260912223101,2
13_20260912223111,2
14_20260912223121,2
15_20260912223131,2
16_20260912223141,0
17_20260912223151,2
18_20260912223201,2
19_20260912223211,2
20_20260912223221,2
21_20260912223231,2
22_20260912223241,2
23_20260912223251,0
24_20260912223301,0
25_20260912223311,0
26_20260912223321,0
27_20260912223331,0
28_20260912223341,0
29_20260912223351,0
30_20260912223401,0
31_20260912223411,0
32_20260912223421,0
33_20260912223431,0
34_20260912223441,0
35_20260912223451,0
36_20260912223501,0
37_20260912223511,0
38_20260912223521,0
39_20260912223531,0
40_20260912223541,0
41_20260912223551,0
42_20260912223601,0
43_20260912223611,0
44_20260912223621,0
45_20260912223632,0
46_20260912223642,0
47_20260912223652,0
48_20260912223702,0
49_20260912223712,0
50_20260912223722,0
51_20260912223732,0
52_20260912223742,0
53_20260912223752,0
54_20260912223802,0
55_20260912223812,0
56_20260912223822,0
57_20260912223832,0
58_20260912223842,0
59_20260912223852,0
60_20260912223902,0
61_20260912223912,0
62_20260912223922,0
63_20260912223932,0
64_20260912223942,0
65_20260912223952,0
66_20260912224002,0
67_20260912224012,0
68_20260912224022,0
69_20260912224032,0
70_20260912224042,0
71_20260912224052,0
72_20260912224103,0
73_20260912224113,0
74_20260912224123,0
75_20260912224133,0
76_20260912224143,0
77_20260912224153,0
78_20260912224203,0
79_20260912224213,0
80_20260912224223,0
81_20260912224233,0
82_20260912224243,0
83_20260912224253,0
84_20260912224303,0
85_20260912224313,0
86_20260912224323,0
87_20260912224333,0
88_20260912224343,0
89_20260912224353,0
90_20260912224403,0
91_20260912224413,0
92_20260912224423,0
93_20260912224433,0
94_20260912224443,0
95_20260912224453,0
96_20260912224503,0
97_20260912230113,0
98_20260912230123,0
99_20260912230133,0
100_20260912230143,0
101_20260912230153,0
102_20260919221033,0
103_20260919221303,2
104_20260919221403,1
105_20260919221413,1
106_20260919221423,2
107_20260919221433,0
108_20260919221443,1
109_20260919221453,0
110_20260919221503,2
111_20260919221513,0
112_20260919221523,1
113_20260919221533,0
114_20260919221543,0
115_20260919221553,1
116_20260919221603,0
117_20260919221613,0
118_20260919221623,2
119_20260919221633,2
120_20260919221643,1
121_20260919221653,0
122_20260919221703,0
123_20260919221713,0
124_20260919221723,0
125_20260919221733,0
126_20260919221743,0
127_20260919221753,0
128_20260919221803,2
129_20260919221813,0
130_20260919221823,0
131_20260919221833,2
132_20260919221843,2
133_20260919221853,0
134_20260919221903,0
135_20260919221913,0
136_20260919221923,2
137_20260919221933,0
138_20260919221943,0
139_20260919221953,0
140_20260919222003,0
141_20260919222013,0
142_20260919222023,0
143_20260919222033,0
144_20260919222043,0
145_20260919222053,0
146_20260919222103,0
147_20260919222113,0
148_20260919222123,0
149_20260919222133,0
150_20260919222143,0
151_20260919222153,0
152_20260919222203,0
153_20260919222213,0
154_20260919222223,0
155_20260919222233,0
156_20260919222243,0
157_20260919222253,2
158_20260919222303,0
159_20260919222313,0
160_20260919222323,2
161_20260919222333,1
162_20260919222343,1
163_20260919222353,2
164_20260919222403,1
165_20260919222413,0
166_20260919222423,0
167_20260919222433,0
168_20260919222443,2
169_20260919222453,1
170_20260919222503,2
171_20260919222513,2
172_20260919222523,2
173_20260919222533,1
174_20260919222543,0
175_20260919222553,0
176_20260919222603,0
177_20260919222613,0
178_20260919222623,2
179_20260919222633,1
180_20260919222643,1
181_20260919222653,0
182_20260919222703,0
183_20260919222733,0
184_20260919222743,0
185_20260919222753,0
186_20260919222803,0
187_20260919222813,0
188_20260919222823,0
189_20260919222833,0
190_20260919222843,0
191_20260919222853,2
192_20260919222903,1
193_20260919222913,1
194_20260919222923,1
195_20260919222933,0
196_20260919222943,1
197_20260919222953,0
198_20260919223003,0
199_20260919223013,2
200_20260919223023,1
201_20260919223033,0
202_20260919223043,0
203_20260919223053,1
204_20260919223103,0
205_20260919223113,0
206_20260919223123,0
207_20260919223133,0
208_20260919223143,0
209_20260919223153,0
210_20260919223203,0
211_20260919223213,0
212_20260919223223,0
213_20260919223233,0
214_20260919223243,0
215_20260919223253,1
216_20260919223303,1
217_20260919223313,0
218_20260919223323,2
219_20260919223333,1
220_20260919223343,0
221_20260919223353,0
222_20260919223403,0
223_20260919223413,0
224_20260919223423,0
225_20260919223433,0
226_20260919223443,0
227_20260919223453,0
228_20260919223503,0
229_20260919223513,0
230_20260919223523,0
231_20260919223533,0
232_20260919223543,0
233_20260919223553,0
234_20260919223603,0
235_20260919223613,0
236_20260919223623,0
237_20260919223633,0
238_20260919223643,0
239_20260919223653,0
240_20260919223703,0
241_20260919223713,0
242_20260919223723,2
243_20260919223733,0
244_20260919223743,0
245_20260919223753,0
246_20260919223803,0
247_20260919223813,0
248_20260919223823,0
249_20260919223833,2
250_20260919223843,0
251_20260919223853,0
252_20260919223903,1
253_20260919223913,0
254_20260919223923,1
255_20260919223933,0
256_20260919223943,2
257_20260919223953,1
258_20260919224003,0
259_20260919224013,1
260_20260919224023,0
261_20260919224033,1
262_20260919224043,0
263_20260919224053,1
264_20260919224103,0
265_20260919224113,0
266_20260919224123,1
267_20260919224133,0
268_20260919224143,1
269_20260919224153,0
270_20260919224203,0
271_20260919224213,1
272_20260919224223,1
273_20260919224233,0
274_20260919224243,0
275_20260919224253,2
276_20260919224303,1
277_20260919224313,2
278_20260919224323,2
279_20260919224333,2
280_20260919224343,0
281_20260919224353,0
282_20260919224403,1
283_20260919224413,1
284_20260919224423,1
285_20260919224433,0
286_20260919224443,1
287_20260919224453,1
288_20260919224503,0
289_20260919224513,1
290_20260919224523,1
291_20260919224533,1
292_20260919224543,0
293_20260919224553,0
294_20260919224603,0
295_20260919224613,0
296_20260919224623,1
297_20260919224633,0
298_20260919224643,0
299_20260919224653,1
300_20260919224703,0
301_20260919224713,1
302_20260919224723,1
303_20260919224733,1
304_20260919224743,1
305_20260919224753,1
306_20260919224803,1
307_20260919224813,0
308_20260919224823,1
309_20260919224833,0
310_20260919224843,1
311_20260919224853,1
312_20260919224903,1
313_20260919224913,0
314_20260919224923,0
315_20260919224933,0
316_20260919224943,0
317_20260919224953,1
318_20260919225003,0
319_20260919225013,1
320_20260919225023,1
321_20260919225033,1
322_20260919225043,0
323_20260919225053,1
324_20260919225103,0
325_20260919225113,0
326_20260919225123,0
327_20260919225133,0
328_20260919225143,1
329_20260919225153,0
330_20260919225203,0
331_20260919225213,1
332_20260919225223,0
333_20260919225233,1
334_20260919225243,0
335_20260919225253,0
336_20260919225303,0
337_20260919225313,0
338_20260919225323,0
339_20260919225333,0
340_20260919225343,0
341_20260919225353,0
342_20260919225403,1
343_20260919225413,0
344_20260919225423,1
345_20260919225433,2
346_20260919225443,0
347_20260919225453,0
348_20260919225503,1
349_20260919225513,1
350_20260919225523,1
351_20260919225533,1
352_20260919225543,1
353_20260919225553,0
354_20260919225603,0
355_20260919225613,0
356_20260919225623,0
357_20260919225633,0
358_20260919225643,0
359_20260919225653,1
360_20260919225703,0
361_20260919225713,1
362_20260919225723,0
363_20260919225733,1
364_20260919225743,1
365_20260919225753,0
366_20260919225803,0
367_20260919225813,0
368_20260919225823,0
369_20260919225833,0
370_20260919225843,0
371_20260919225853,1
372_20260919225903,0
373_20260919225913,1
374_20260919225923,0
375_20260919225933,1
376_20260919225943,1
377_20260919225953,0
378_20260919230003,2
379_20260919230013,0
380_20260919230023,0
381_20260919230033,1
382_20260919230043,1
383_20260919230053,1
384_20260919230103,0
385_20260919230113,1
386_20260919230123,0
387_20260919230133,0
388_20260919230143,0
389_20260919230153,0
390_20260919230203,1
391_20260919230213,1
392_20260919230223,0
393_20260919230233,0
394_20260919230243,1
395_20260919230253,1
396_20260919230303,1
397_20260919230313,0
398_20260919230323,2
399_20260919230333,0
400_20260919230343,0
401_20260919230353,1
402_20260919230403,0
403_20260919230413,0
404_20260919230423,1
405_20260919230433,0
406_20260919230443,0
407_20260919230453,0
408_20260919230503,0
409_20260919230513,0
410_20260919230523,0
411_20260919230533,2
412_20260919230543,2
413_20260919230553,2
414_20260919230603,2
415_20260919230613,2
416_20260919230623,0
417_20260919230633,2
418_20260919230643,2
419_20260919230653,0
420_20260919230703,2
421_20260919230713,1
422_20260919230723,2
423_20260919230733,0
424_20260919230743,0
425_20260919230753,0
426_20260919230803,0
427_20260919230813,0
428_20260919230823,0
429_20260919230833,0
430_20260919230843,0
431_20260919230853,0
432_20260919230903,2
433_20260919230913,0
434_20260919230923,0
435_20260919230933,0
436_20260919230943,0
437_20260919230953,0
438_20260919231003,2
439_20260919231013,1
440_20260919231023,1
441_20260919231033,0
442_20260919231043,0
443_20260919231053,2
444_20260919231103,2
445_20260919231113,0
446_20260919231123,0
447_20260919231133,0
448_20260919231143,0
449_20260919231153,0
450_20260919231203,0
451_20260919231213,0
452_20260919231223,0
453_20260919231233,0
454_20260919231243,0
455_20260919231253,0
456_20260919231303,0
457_20260919231313,0
458_20260919231323,0
459_20260919231333,0
460_20260919231343,2
461_20260919231353,0
462_20260919231403,0
463_20260919231413,0
464_20260919231423,0
465_20260919231433,0
466_20260919231443,0
467_20260919231453,0
468_20260919231503,0
469_20260919231513,2
470_20260919231523,0
471_20260919231823,1
472_20260919231833,2
473_20260919231843,1
474_20260919231853,1
475_20260919231903,1
476_20260919231913,0
477_20260919231923,1
478_20260919231933,1
479_20260919231943,0
480_20260919231953,0
481_20260919232003,0
482_20260919232013,0
483_20260919232023,0
484_20260919232033,0
485_20260919232043,0
486_20260919232053,0
487_20260919232103,0
488_20260919232113,0
489_20260919232123,0
490_20260919232133,0
491_20260919232143,0
492_20260919232153,0
493_20260919232203,1
494_20260919232213,0
495_20260919232223,0
496_20260919232233,0
497_20260919232243,0
498_20260919232253,0
499_20260919232303,1
500_20260919232313,0
501_20260919232323,0
502_20260919232333,1
503_20260919232343,0
504_20260919232353,0
505_20260919232403,0
506_20260919232413,0
507_20260919232423,0
508_20260919232433,0
509_20260919232443,0
510_20260919232453,0
511_20260919232503,0
512_20260919232513,1
513_20260919232523,1
514_20260919232533,0
515_20260919232543,1
516_20260919232553,0
517_20260919232603,1
518_20260919232613,0
519_20260919232623,1
520_20260919232633,0
521_20260919232643,1
522_20260919232653,0
523_20260919232703,0
524_20260919232713,0
525_20260919232723,0
526_20260919232733,1
527_20260919232743,2
528_20260919232753,0
529_20260919232803,0
530_20260919232813,0
531_20260919232823,1
532_20260919232833,1
533_20260919232843,0
534_20260919232853,0
535_20260919232903,0
536_20260919232913,0
537_20260919232923,1
538_20260919233223,0
539_20260919233233,1
540_20260919233243,0
541_20260919233253,0
542_20260919233303,0
543_20260919233313,1
544_20260919233323,0
545_20260919233333,0
546_20260919233343,0
547_20260919233353,1
548_20260919233403,0
549_20260919233413,0
550_20260919233423,0
551_20260919233433,1
552_20260919233443,0
553_20260919233453,0
554_20260919233503,1
555_20260919233513,0
556_20260919233523,0
557_20260919233533,1
558_20260919233543,0
559_20260919233553,0
560_20260919233603,0
561_20260919233613,0
562_20260919233623,0
563_20260919233633,1
564_20260919233643,1
565_20260919233653,0
566_20260919233703,1
567_20260919233713,0
568_20260919233723,0
569_20260919233733,0
570_20260919233743,0
571_20260919233753,0
572_20260919233803,0
573_20260919233813,0
574_20260919233823,0
575_20260919233833,0
576_20260919233843,0
577_20260919233853,0
578_20260919233903,0
579_20260919233913,0
580_20260919233923,0
581_20260919233933,0
582_20260919233943,0
583_20260919233953,0
584_20260919234003,0
585_20260919234013,0
586_20260919234023,0
587_20260919234033,0
588_20260919234043,0
589_20260919234053,1
590_20260919234103,1
591_20260919234113,1
592_20260919234123,0
593_20260919234133,0
594_20260919234143,0
595_20260919234153,0
596_20260919234203,1
597_20260919234213,0
598_20260919234223,2
599_20260919234233,2
600_20260919234243,1
601_20260919234253,1
602_20260919234303,2
603_20260919234314,2
604_20260919234323,2
605_20260919234333,0
606_20260919234343,0
607_20260919234353,1
608_20260919234403,0
609_20260919234413,1
610_20260919234423,1
