filename,draft_label,my_label,agree
4_20260912222941,0,,
11_20260912223051,2,,
16_20260912223141,0,,
30_20260912223401,0,,
42_20260912223601,0,,
43_20260912223611,0,,
50_20260912223722,0,,
51_20260912223732,0,,
98_20260912230123,0,,
101_20260912230153,0,,
103_20260919221303,2,,
106_20260919221423,2,,
110_20260919221503,2,,
123_20260919221713,0,,
152_20260919222203,0,,
158_20260919222303,0,,
163_20260919222353,2,,
167_20260919222433,0,,
170_20260919222503,2,,
186_20260919222803,0,,
189_20260919222833,0,,
203_20260919223053,1,,
219_20260919223333,1,,
221_20260919223353,0,,
236_20260919223623,0,,
241_20260919223713,0,,
246_20260919223803,0,,
262_20260919224043,0,,
273_20260919224233,0,,
301_20260919224713,1,,
304_20260919224743,1,,
306_20260919224803,1,,
329_20260919225153,0,,
341_20260919225353,0,,
358_20260919225643,0,,
368_20260919225823,0,,
376_20260919225943,1,,
377_20260919225953,0,,
387_20260919230133,0,,
396_20260919230303,1,,
398_20260919230323,2,,
400_20260919230343,0,,
403_20260919230413,0,,
418_20260919230643,2,,
429_20260919230833,0,,
432_20260919230903,2,,
433_20260919230913,0,,
445_20260919231113,0,,
448_20260919231143,0,,
473_20260919231843,1,,
482_20260919232013,0,,
501_20260919232323,0,,
509_20260919232443,0,,
512_20260919232513,1,,
514_20260919232533,0,,
527_20260919232743,2,,
552_20260919233443,0,,
569_20260919233733,0,,
571_20260919233753,0,,
601_20260919234253,1,,
